date,贵州茅台_600519,寒武纪_688256,海光信息_688041,上海机场_600009,中际旭创_300308,招商银行_600036,工业富联_601138,海天味业_603288,宁德时代_300750,中信证券_600030
2023-05-16,1703.29,184.51,74.17,49.93,76.82,34.82,14.78,66.49,239,21.8
2023-05-17,1701,187.54,76.83,49.48,79.01,34.5,15.55,64.76,240,21.66
2023-05-18,1691,196.81,81.33,49.2,94.81,34.45,16.35,64.38,232.4,21.67
2023-05-19,1699.5,195.3,80.9,49.37,93.55,33.95,16.16,64.71,230,21.29
2023-05-22,1746,188.65,78.01,50.29,89.89,34.2,15.41,66.32,230.3,21.3
2023-05-23,1724.55,184.11,77.27,48.94,87.2,33.6,15.23,65.31,225.42,20.85
2023-05-24,1710.9,182,76.83,47.29,87.67,32.93,14.82,64.4,225.25,20.28
2023-05-25,1701,194.5,81,47.37,93.18,32.42,16.3,63.98,224.09,20.32
2023-05-26,1690.56,224,86.51,47.28,91.45,32.74,16.79,64.12,220,20.37
2023-05-29,1689,219.6,86.37,47.11,96,32.69,17.9,63.27,217.06,20.35
2023-05-30,1668.29,234.8,90.92,46.7,109,32.64,18.03,61.93,224.99,20.36
2023-05-31,1628.9,254.19,92.73,46.6,107.5,32.3,18.05,60.5,221.17,20.05
2023-06-01,1635.92,237.01,87.3,45.12,108.04,32.06,17.92,50.12,222.9,20.1
2023-06-02,1670.6,228.7,83.2,45.99,106.7,33.07,17.83,50.83,228.44,20.19
2023-06-05,1665,230.32,83.5,45.8,111.2,33.04,18.93,49.72,219.8,20
2023-06-06,1666.99,223.25,79.39,45.19,107.31,33.07,18.22,49.45,219.28,19.83
2023-06-07,1650.9,221.2,79.88,45.84,108.11,33.3,18.03,49.3,207.3,19.87
2023-06-08,1668,221.01,77.25,46.63,106.72,34.08,17.85,49.28,208.01,20.2
2023-06-09,1666,226.78,77.81,46.97,115.2,33.74,19.64,48.75,212.04,20.18
2023-06-12,1696,220.21,78.39,46.91,121.5,33.73,21.35,49.42,211.95,19.85
2023-06-13,1699,232.9,80.78,46.81,121.55,33.73,22.02,50.01,213.1,19.98
2023-06-14,1726.88,224.8,81.48,46.94,129.55,33.39,22.79,50.25,213.4,20
2023-06-15,1755,211,75.78,47.62,134.79,33.72,22.64,51.08,230.88,20.3
2023-06-16,1797.69,222.85,77.08,47.78,155,33.93,24.06,51.05,231.1,20.39
2023-06-19,1744,239.1,80.01,47.83,160.01,33.58,26.46,50.41,227.88,20.15
2023-06-20,1743.46,267,83.97,47.22,170,33.19,26.03,50.22,228,20.06
2023-06-21,1735.83,230.98,76.4,47.29,159.9,33.17,24.5,49.65,224.91,19.85
2023-06-26,1709,202.5,69.44,45.74,148,32.61,23.09,48.65,225.17,19.29
2023-06-27,1711.05,196.69,68.72,46.4,147.2,32.82,23.01,48,223.47,19.49
2023-06-28,1728.38,202.95,70,46.36,141.98,33.05,22.98,47.97,224.5,19.5
2023-06-29,1713.71,193,68.01,45.42,148.01,32.68,23.8,47.1,222.5,19.44
2023-06-30,1691,188,68.27,45.42,147.45,32.76,25.2,46.85,228.79,19.78
2023-07-03,1724.1,192.54,69.6,47.04,146,33.72,24.37,48.27,229.88,20.24
2023-07-04,1730.6,202.41,71.15,47.34,146.52,33.51,24.58,48.87,229.25,20.28
2023-07-05,1715.38,200.8,69.29,46.92,138.96,33.03,23.86,47.63,227.51,20.15
2023-07-06,1702.98,206.82,69.5,46.28,139.8,32.58,23.88,46.7,224.85,20.05
2023-07-07,1690.03,195.43,67.05,46.5,146.99,32.31,23.66,45.79,222.25,20.13
2023-07-10,1700.9,196.96,70.35,47.08,143.6,32.45,23.8,46.03,228.8,20.12
2023-07-11,1710,210.3,77.8,47.33,148.5,32.71,24.24,45.09,229.09,20.24
2023-07-12,1713.8,196.29,74.94,47,138.79,33.2,22.53,44.26,226.99,20.08
2023-07-13,1738.4,200.1,76.94,46.92,154.2,31.85,24.78,45.35,230,20.47
2023-07-14,1753,206.01,78.4,45.88,155.39,31.93,27.26,45.1,228.28,20.5
2023-07-17,1729.97,200.2,76.1,46.02,157.71,31.65,26.11,45,225.65,20.28
2023-07-18,1722.8,185,73.16,45.62,151.29,31.46,25.53,44.45,225.5,20.29
2023-07-19,1723,182.37,71.95,44.99,149,31.58,25.09,44.2,219.5,20.41
2023-07-20,1724,176,68.53,44.33,130,31.69,23.25,44.11,221.05,20.3
2023-07-21,1771.3,170.9,61.4,44.55,130.24,31.8,23.04,44.79,221.59,20.36
2023-07-24,1771.15,167.16,61.2,43.78,131,31.45,23.66,43.75,218.98,20.39
2023-07-25,1828.55,167,60.4,44.76,134.25,33.27,24,44.88,226.35,21.58
2023-07-26,1828.55,169.42,59.15,44.02,129.04,33.35,23.25,45.14,226.66,21.78
2023-07-27,1838.03,165.14,57.28,44.41,127.9,33.66,22.68,44.72,226.98,21.52
2023-07-28,1897,160.8,56.86,46.46,126.9,35.1,22.26,45.75,230.05,23.67
2023-07-31,1880.58,164.01,57.09,47.4,128,35.56,22.33,46.3,237.75,24.1
2023-08-01,1889,164.77,58.94,46.85,134.8,34.99,22.67,46.05,235.5,23.67
2023-08-02,1880,166.9,60.72,47.1,133.8,34.03,22.32,45.85,236.5,23.85
2023-08-03,1878.47,168.21,63.29,47.28,130.51,34.68,22.5,46.31,239.14,24.43
2023-08-04,1893.47,172.86,63.52,46.93,139.95,34.88,23.77,46.03,245.51,24.7
2023-08-07,1887.93,169.75,64.4,46.42,141.75,34.5,24.98,45.6,246.49,24.77
2023-08-08,1890,169.15,64.34,46.14,134.51,34.15,24.18,45.74,247.14,24.9
2023-08-09,1890.28,165.12,61,46.19,126.84,34.02,22.25,46.24,247,24.91
2023-08-10,1875,164,58.87,47.83,124.01,34.14,21.5,46.1,246.5,25.2
2023-08-11,1834,158,55.27,47.13,121.98,33.15,21.5,44.33,241.5,24.1
2023-08-14,1803,159.4,53.8,46.59,123.52,32.46,21.4,43.31,232.9,23.75
2023-08-15,1812.98,158.57,52.6,46.13,121.9,32.36,21.39,42.73,231.3,24.11
2023-08-16,1820,152.8,51,45.93,121.01,31.97,20.89,42.49,232.6,24.01
2023-08-17,1828.05,156.94,50.68,46.1,122.25,31.79,20.91,42.73,235.25,23.95
2023-08-18,1802.59,151.4,50.13,45.12,115.51,31.88,20.1,41.35,235.87,23.97
2023-08-21,1791,151.4,50.34,41.25,117.87,31.13,20.41,40.6,232.96,22.94
2023-08-22,1788,157.61,51.8,40.08,126,31.32,22.45,40.49,230.75,23.22
2023-08-23,1774,150.14,49.9,39.05,119,30.85,21.34,39.83,227.5,22.8
2023-08-24,1816.3,150.3,50.69,39.27,121,31.06,22.43,40.28,228.95,23.56
2023-08-25,1824.98,140.52,49.66,39.1,106.95,31.56,20.32,40.08,228.34,23.43
2023-08-28,1834.97,145.1,50.77,38.7,111.5,32.26,20.68,39.82,230.5,23.79
2023-08-29,1851.33,145.96,53.02,39.78,115.19,32.04,21.59,40,238.5,23.38
2023-08-30,1856,159.86,56.54,39.39,116,31.66,21.8,39.82,237.5,22.56
2023-08-31,1847,158.8,59.19,39.23,114.62,31.55,21.91,39.1,236.55,22.2
2023-09-01,1851.05,148.83,59.31,39.49,112.15,32.27,21.25,39.45,236.4,22.38
2023-09-04,1866,148.88,61.1,40.03,112.35,33.53,20.99,40.04,237.65,22.57
2023-09-05,1858.7,144.5,58.13,39.65,109.01,33.11,20.31,39.99,236.82,22.38
2023-09-06,1861,152.95,60,39.43,109.7,33.36,20.22,40.08,234.42,22.13
2023-09-07,1838,138.88,58.08,38.9,106.31,33.14,19.2,39.12,226.51,22.12
2023-09-08,1818.5,140.48,57.24,39.24,105.25,33.17,19.08,38.46,222.94,22.25
2023-09-11,1822.17,141.09,58.3,39.35,109.2,32.91,19.46,39.03,221.53,22.6
2023-09-12,1819.96,142.2,56.76,39.17,109.92,32.88,19.28,39.2,217.93,22.39
2023-09-13,1819.91,136.38,55.33,38.83,106.67,32.75,18.86,39.35,216.6,22.28
2023-09-14,1818.69,133.58,53.69,38.34,102.65,33.07,18.59,39.02,214.93,22.29
2023-09-15,1781.99,133.97,52.85,38.17,98.68,32.96,18.13,39.08,207.76,22.05
2023-09-18,1829.2,129.2,52.95,38.46,95.5,33.02,18.3,39.06,213.06,22.14
2023-09-19,1826.94,126.79,52.07,38.18,96.5,32.96,18.48,38.95,212.32,22.02
2023-09-20,1824,123.3,51.39,37.81,97.15,32.73,18.4,38.67,209.9,21.9
2023-09-21,1798.39,123.8,51.3,37.64,97.37,32.37,18.31,37.82,206.73,21.73
2023-09-22,1849,130.49,54.26,38.16,111.08,33.34,19.94,39.3,210.93,22.61
2023-09-25,1832.38,126.13,52.57,37.84,107.5,33,19.29,38.41,209.28,21.9
2023-09-26,1816,130.42,53.46,37.34,111.8,32.8,19.73,37.97,204.5,21.98
2023-09-27,1814,126.8,54,37.62,114.07,32.82,19.8,39.03,203.66,22.03
2023-09-28,1798.55,123.95,53.98,37.89,115.8,32.97,19.7,37.99,203.03,21.66
2023-10-09,1777,126.03,53.06,37.07,111.06,32.58,19.26,38.01,195.5,21.68
2023-10-10,1770,123.62,53.94,37.11,109.45,32.59,18.86,38.27,194.72,21.43
2023-10-11,1778.5,127,55.02,36.92,109.73,32.45,19.17,40.36,194.77,21.51
2023-10-12,1786,123.9,55,37.33,106.67,33.07,18.75,40.11,195.94,21.76
2023-10-13,1751,121.04,53.51,36.67,102.37,32.61,17.88,38.92,190.6,21.52
2023-10-16,1729.9,117.05,51.89,36.24,100.01,32.31,17.42,35.85,184.76,21.51
2023-10-17,1726,115.47,52.54,36.33,100.56,32.52,17.28,36.48,185.44,21.95
2023-10-18,1728,120.2,55.51,35.63,97.45,32.49,16.92,36.48,186.3,21.86
2023-10-19,1630,144.24,59.06,35.16,94.64,31.57,16.53,35.43,182.7,21.56
2023-10-20,1645,135.55,59.22,34.92,94.07,31.65,16.17,35.09,181,21.53
2023-10-23,1643.98,108.44,59.15,34.58,96.1,31.23,14.55,35.07,177.26,21.18
2023-10-24,1642.95,108.66,57.16,35.25,95.8,31.3,13.76,34.59,176.42,21.62
2023-10-25,1677.5,112.68,60.98,35.68,88.01,31.42,13.54,35.05,175.98,21.84
2023-10-26,1672.23,111.26,60.1,35.9,89.9,31.5,13.83,35.26,178.07,21.8
2023-10-27,1676.71,109.16,59.44,36.65,89.41,31.53,14.07,37.33,184.72,22.03
2023-10-30,1681,109.68,62.8,37.43,89.82,30.9,14.6,37.87,188.02,21.6
2023-10-31,1684.58,107.23,61.97,37.21,87.75,30.76,14.72,37.65,185.6,21.71
2023-11-01,1780.99,108,64.8,37.09,85.22,30.45,14.53,37.15,187.54,21.73
2023-11-02,1779.5,104.75,64.38,36.72,85.93,30.68,14.6,36.86,185.57,21.53
2023-11-03,1811.24,109.03,66.65,37.27,88.65,30.99,14.75,37.53,187.44,21.86
2023-11-06,1812,116.77,65.9,37.68,91.42,31.14,14.97,37.94,197.08,22.83
2023-11-07,1791.17,122.82,67.97,37.42,99.2,30.8,15.39,38.1,191.24,22.79
2023-11-08,1798.34,134.99,68.8,37.26,96.65,30.6,15.3,38.02,191.84,22.58
2023-11-09,1794.11,132.52,65,37.21,100.99,30.66,15.59,38.51,191.45,22.46
2023-11-10,1775.84,136.99,65.02,37.09,101.54,30.16,15.41,38.36,189.03,22.46
2023-11-13,1764,135.19,65.4,37.19,104.9,29.82,16.11,38.25,187.85,22.29
2023-11-14,1765.27,153.02,68.54,37.25,105.01,30.2,16.37,38.35,183.68,22.62
2023-11-15,1772.93,151.5,67.42,37.36,104,30.64,16.41,39.15,184.48,22.6
2023-11-16,1760.05,151.95,66.22,37.02,100.04,30.54,15.94,38.35,181.15,22.43
2023-11-17,1753.42,153.7,66.12,36.99,105.59,30.33,16.35,38.1,180.73,22.52
2023-11-20,1762.5,165.43,68.19,37.47,102.35,30.58,16.12,38.41,180.3,22.35
2023-11-21,1790,155,67.1,37.63,103.57,30.43,15.96,38.23,180.61,22.44
2023-11-22,1781.51,152.78,67.33,37.07,97.36,30.16,15.57,38,177,22.21
2023-11-23,1786,152.03,67.31,37.13,98.14,30.14,15.72,37.91,177.7,22.24
2023-11-24,1777,142.08,63.43,36.71,94.4,30,15.4,37.98,175,22.05
2023-11-27,1763,144.01,67.31,36.53,97.88,29.4,14.89,37.49,170.7,21.69
2023-11-28,1769.04,144.1,70.74,36.63,94.75,29.16,15.15,37.98,171.92,21.61
2023-11-29,1774.71,142.8,70.6,36.06,94.74,28.8,14.95,37.81,166.85,21.4
2023-11-30,1791.5,149.81,71.77,35.88,94.92,28.79,15.1,38.11,167,21.45
2023-12-01,1760.28,155,71.9,35.96,100,28.26,15.15,37.32,165.5,21.56
2023-12-04,1750.71,157.82,72.71,35.82,102.78,28.08,14.78,36.75,161.65,21.41
2023-12-05,1709,153,72.85,34.75,100.8,27.51,14.15,36.7,158.81,21.13
2023-12-06,1703,157.51,75.59,34.52,100.68,27.76,14.25,36.4,162.88,20.95
2023-12-07,1700,157.69,73.16,33.99,104.37,27.81,14.33,36.39,164.49,21.03
2023-12-08,1704.92,169.42,80.34,34.5,117.5,27.5,15.76,36.35,163.59,20.95
2023-12-11,1698,169.99,82.22,34.4,120.15,27.76,15.59,36.72,165.35,21.21
2023-12-12,1709.99,154,80.67,34.1,114.96,28.05,15.26,36.57,163.63,21.13
2023-12-13,1660,148.28,77.65,33.08,113.4,27.22,15.08,35,159.35,20.71
2023-12-14,1635.9,148.85,75.6,32.74,112.81,27.03,15,34.83,156.63,20.5
2023-12-15,1645,144.8,73.84,32.89,110.05,27.23,14.78,34.69,155,20.46
2023-12-18,1662,145.45,75.23,32.11,113.39,27.28,15.03,34.55,146.97,20.44
2023-12-19,1675,148.78,76.1,32.21,113.19,27.29,15.17,34.34,149,20.64
2023-12-20,1649.79,142.89,74.52,31.72,109.3,27.06,14.55,33.96,148.45,20.16
2023-12-21,1670,146.2,77.17,32.11,114.19,27.71,14.57,35.19,154.39,20.27
2023-12-22,1670.65,147,75.31,32.29,110.39,27.61,14.32,35.82,156.29,20.28
2023-12-25,1672,136.2,72.61,32.49,111.25,27.53,14.21,36.3,157.54,20.01
2023-12-26,1670,132.5,71,32.07,106.96,27.27,13.87,36.2,156.13,19.85
2023-12-27,1667.06,131.51,70.48,31.44,107.13,27.3,13.93,36.28,154.33,19.9
2023-12-28,1724.99,132.11,70.31,32.85,109.01,27.99,14.8,37.86,162.99,20.37
2023-12-29,1726,134.96,70.98,32.78,112.91,27.82,15.12,37.95,163.26,20.37
2024-01-02,1685.01,134.9,72.36,32.18,110.61,27.58,14.2,37.22,156.83,20.07
2024-01-03,1694,127.96,72.67,32.15,104.99,27.77,13.88,37.05,155.8,20.18
2024-01-04,1669,127.6,74.9,31.67,104,27.81,13.47,35.81,151.2,20
2024-01-05,1663.36,125.1,71.73,31.45,100.03,28.29,13.3,34.95,150.9,19.79
2024-01-08,1643.99,122.09,68.41,30.89,98.8,28.13,13.08,34.51,150,19.42
2024-01-09,1641,119.02,69.17,31.43,101.32,28.17,13.19,34.61,148.7,19.46
2024-01-10,1641.5,118.45,67.99,31.45,100,28.05,12.91,34.82,150.66,19.46
2024-01-11,1646.57,120.39,68.8,31.67,103.39,28.38,13.15,34.86,154.82,19.6
2024-01-12,1643.06,117.15,65.41,31.75,100.56,28.54,12.86,34.54,154.63,19.52
2024-01-15,1640,120.8,66,32.7,101.88,28.77,12.72,34.31,151.7,19.48
2024-01-16,1639.43,122.76,66.22,33.26,100.29,29.13,12.91,34.36,156.95,19.58
2024-01-17,1577,123.92,65.77,32.44,99.02,29.19,12.68,33.7,152.24,19.22
2024-01-18,1610.87,131.5,69.89,33.26,109.83,29.58,13.71,34.7,154.61,19.49
2024-01-19,1635,131.68,69.83,33.44,111,29.73,14.2,35,154.9,19.47
2024-01-22,1642,129,70.39,32.9,111.6,30.25,14.4,35.2,155.66,19.13
2024-01-23,1619,134.72,73.1,32.77,114,29.99,14.5,35.16,153.91,19.78
2024-01-24,1626,131.6,72.9,33.52,113.7,30.09,14.5,35.63,153.48,20.52
2024-01-25,1638,132.81,73.2,34.2,118.35,30.9,15.08,35.82,155,20.56
2024-01-26,1637.32,126.49,70.63,34.34,115.96,31.12,14.41,35.68,150,20.83
2024-01-29,1650,127.2,70,35.18,103.82,31.35,13.59,35.1,147.02,20.58
2024-01-30,1613,116.9,65.35,33.92,101.2,31,13.5,34.99,140.75,20.44
2024-01-31,1604.91,110,66.27,33.1,102.8,30.71,13.31,33.93,151.59,20.5
2024-02-01,1610.03,116.49,68.9,33.34,111.05,30.42,14.56,34.4,149.02,20.44
2024-02-02,1596,108.49,68.32,33.08,109.85,30.23,13.92,34.64,146,20.18
2024-02-05,1630.01,103.03,69.7,32.73,112,30.71,14.77,35.1,151.94,20.18
2024-02-06,1676,111.2,76.3,34.27,124.88,31.33,15.53,36.79,158.33,21.14
2024-02-07,1710.99,110.88,75.75,34.65,124.61,31.31,15.3,37.53,159.6,21.18
2024-02-08,1706,115.4,76.72,35.3,127,31.4,15.7,37.36,162.84,21.25
2024-02-19,1695.43,134.03,86,35.26,152.4,31.62,17.27,37.78,160.09,20.85
2024-02-20,1670,129.3,82.39,35.03,159.5,31.4,18.49,37.81,158.33,20.99
2024-02-21,1717.66,127.3,79.76,35.54,149.96,33,17.55,39.6,161.2,21.38
2024-02-22,1718.38,139.88,82.83,35.45,154.51,32.8,18.19,41.28,160.35,21.73
2024-02-23,1714.09,141.83,81.4,35.3,147.73,32.95,18.17,41.48,160.5,21.52
2024-02-26,1694.98,151.26,82.15,34.85,149.03,32.25,17.67,40.22,156,21.34
2024-02-27,1689.5,168.14,88,35,161.94,32.18,19.33,40.29,157.83,21.46
2024-02-28,1681.55,158.1,83.28,34.86,149.81,32.02,18.2,40.41,157.01,21
2024-02-29,1695,168.66,85.12,35.18,155.16,32.04,18.69,40.66,163.51,21.3
2024-03-01,1685.06,170,87.49,34.93,161.1,31.94,20.02,40.39,164.55,21.32
2024-03-04,1676.3,177.4,86.28,35.68,165.66,31.52,22.02,39.96,163.9,21.16
2024-03-05,1695.1,175,86.3,35.38,169.16,32.18,22.75,40.94,164.65,21.18
2024-03-06,1680.55,170.25,84.42,35.32,167.28,31.87,22.01,40,163.64,21.1
2024-03-07,1683.63,164.76,80.9,34.92,164.14,32,22.61,39.36,160.15,20.81
2024-03-08,1671.43,171.18,82.3,34.86,174.99,31.67,24.87,39.12,158,20.8
2024-03-11,1694.49,179.71,83.81,35.08,170.6,31.48,25.82,40,180.85,21.19
2024-03-12,1745,169.82,80,36.05,164.85,31.95,24.8,42.17,185.84,21.4
2024-03-13,1727.45,171.5,79.7,36.02,165,31.52,24.35,41.73,185.18,21.07
2024-03-14,1716.63,172.5,80.75,37.1,169.53,31.25,22.85,41.22,183.81,20.8
2024-03-15,1717.49,171.45,80.7,37.16,177.36,31.18,23.08,41,181,20.87
2024-03-18,1708.26,195.03,83.19,37.65,179.99,31.13,25.01,41.15,190.96,21.26
2024-03-19,1708.02,186.41,80.65,37.12,173.81,30.8,25.51,40.71,187.25,20.83
2024-03-20,1709.6,185.26,80.19,36.87,168.96,31.18,25.08,40.58,189.48,20.84
2024-03-21,1709,180.21,79.22,36.51,167.68,31.55,24.99,40.78,189.08,20.83
2024-03-22,1701.35,181.31,80.12,36.4,167.68,31.2,24.43,39.83,186.51,20.5
2024-03-25,1689.01,182.88,80.5,36.46,166.51,31.35,23.91,39.63,184.8,19.5
2024-03-26,1709.29,172.6,76.29,35.91,158.5,32.4,23.73,41,191.8,19.6
2024-03-27,1701,169.17,75.23,35.01,154.2,32.3,22.41,40.05,188,19.35
2024-03-28,1701.64,178.66,76.79,35.66,154.69,32.18,23.45,39.58,188.78,19.31
2024-03-29,1702.9,173.46,77.26,36.26,156.56,32.2,22.77,39.41,190.16,19.2
2024-04-01,1721.33,174.58,78.48,36.65,163,32.64,23.31,39.79,197.84,19.41
2024-04-02,1713.99,170.88,77.26,36.74,162.55,32.55,22.9,38.79,199.7,19.31
2024-04-03,1715.11,162.1,74.5,36.73,156.1,32.23,21.92,38.55,197.65,19.16
2024-04-08,1666.66,158.97,74.01,36.22,164.56,32.4,22,37.87,194.6,18.92
2024-04-09,1662.22,157.56,75.79,36,164.9,32.31,21.89,37.94,196,18.93
2024-04-10,1647.98,150.09,73.55,35.93,159.5,32.49,21.1,37.4,192.74,18.41
2024-04-11,1648,156.18,74.01,35.96,160.15,32.3,21.25,36.89,192.6,18.34
2024-04-12,1634.03,160.2,77.99,35.45,169.33,32.12,22.26,36.16,188.39,17.94
2024-04-15,1672.98,153.61,78.66,36.57,169.5,32.83,22.24,36.85,197.14,17.74
2024-04-16,1670,144.9,77.85,36.41,166.36,32.75,21.81,36.54,197.15,17.63
2024-04-17,1667,150.1,80.04,36.83,174.61,33.3,22.5,37.27,195.99,18.1
2024-04-18,1670.78,150.1,79.3,36.78,173.38,33.65,22.9,37.68,195.56,18.21
2024-04-19,1646.64,141.41,75.5,36.3,170.7,33.62,22.05,37.19,190.8,18.13
2024-04-22,1675.06,138.25,73.35,36.78,158.36,33.34,20.84,38,190.6,18.28
2024-04-23,1692.28,139.24,71.62,36.45,157.51,33.38,20.59,37.97,189.93,18.27
2024-04-24,1693.6,153.19,75.29,36.48,168.27,33.46,22.24,37.71,189.6,18.27
2024-04-25,1693.04,150,74.7,36.99,164.15,34.4,22.19,38.06,193.2,18.18
2024-04-26,1709.43,161.99,79.16,37.5,184.86,34.48,24.41,38.84,198.48,19.16
2024-04-29,1704,171.01,79.92,37.63,187.7,34.88,24.52,39.57,209.63,19.38
2024-04-30,1705,171.39,79.25,37.64,186.31,34.31,24.5,39.26,202.6,19.01
2024-05-06,1760.2,164.72,79.24,37.46,183.22,34.88,24.82,39.68,206.98,19.21
2024-05-07,1770,160.4,76.58,37.3,176.79,34.87,25.38,39.73,206.88,19.12
2024-05-08,1763.97,160.2,76.36,37.17,174.8,34.57,24.46,39.09,203.23,18.78
2024-05-09,1756,178.11,76.56,37.19,173.18,34.84,24.22,38.93,209.4,18.91
2024-05-10,1738.98,170.36,72.9,36.99,171.2,35.62,23.92,38.85,203.5,19.06
2024-05-13,1706,166.25,72.02,36.94,171.55,35.91,24,38.64,199.35,18.98
2024-05-14,1701.98,169.96,71.7,36.84,165.43,35.34,23.8,38.3,199.01,19.01
2024-05-15,1700,174.05,71.18,36.3,166.77,35.05,24.3,37.9,197.89,18.75
2024-05-16,1704.5,181.66,72.54,35.75,170.5,36.25,25.58,37.5,199.67,18.78
2024-05-17,1715,190.83,73.87,36.39,170.58,36.85,25.7,38,203,19.19
2024-05-20,1709,195.93,73.87,36.8,176.86,36.38,26.22,38.35,203.45,19.29
2024-05-21,1705,187,72.02,36.24,177.43,36.24,25.72,38.96,201.56,19.24
2024-05-22,1697.71,188.99,72.51,36.44,173.17,36.06,25.43,37.91,204.89,19.31
2024-05-23,1692.01,183.7,71.32,35.79,173.79,35.5,25.62,37.09,204.34,18.87
2024-05-24,1677.08,171.9,67.68,35.73,165.39,34.74,24.15,36.01,200.98,18.59
2024-05-27,1670.12,175.99,70.66,35.78,168.39,35.14,24.86,36.21,200.01,18.73
2024-05-28,1664.64,172.25,70.38,35.18,161.01,34.83,24.12,35.81,197.8,18.62
2024-05-29,1674,172,69.54,35.23,161,34.57,24.21,36,198.79,18.65
2024-05-30,1649,172.53,69.51,35.14,159.97,34.34,23.94,36.12,199.35,18.56
2024-05-31,1648.45,174.79,71.3,34.75,157.27,34.28,22.91,35.8,197.76,18.62
2024-06-03,1639.39,180.99,71.11,34.57,168.35,34.15,23.87,35.6,202.5,18.43
2024-06-04,1653.2,179.57,71.54,34.49,173,34.54,23.79,36.03,205.97,18.56
2024-06-05,1644,180.1,70.87,34.63,166.96,33.99,23.7,36.02,204.12,18.54
2024-06-06,1639.81,173.37,69.3,34.1,125.42,34,26.07,35.74,204.79,18.49
2024-06-07,1619.18,181,68.14,34.2,119.51,33.99,24.53,35.46,193.2,18.38
2024-06-11,1569,190.41,71.42,34.27,119.01,33.36,24.21,35.35,188.77,18.34
2024-06-12,1571.68,189.8,70.94,33.8,119.21,33.09,24.37,35.53,185.6,18.28
2024-06-13,1555.01,195.53,71.94,33.19,123.7,32.82,25.9,35.41,185.18,18.26
2024-06-14,1555,200.01,73.14,33.38,138.3,33.81,27.23,35.94,184.89,18.63
2024-06-17,1541.5,210.99,73.56,33.52,142.51,33.73,27.51,35.96,188.2,18.66
2024-06-18,1521.5,209.1,74.63,34.13,146.91,33.71,28.62,36.02,190.33,18.71
2024-06-19,1501,217.31,75.32,33.75,146,34.15,28.47,35.02,189.01,18.53
2024-06-20,1500.1,214.74,74.9,33.03,144.7,34.01,28.61,34.67,187.99,18.38
2024-06-21,1471,215.29,76.74,32.7,143,33.7,28.47,34.35,185.16,18.44
2024-06-24,1476.55,206.31,73.62,32.33,140.21,34.07,27.55,35.38,186.98,18.42
2024-06-25,1486.65,197.2,71.16,32.02,134.9,34.3,26.44,35.26,186.32,18.12
2024-06-26,1489.22,202.97,72.65,32.32,140,34.06,27.17,34.93,185.51,18.4
2024-06-27,1490.49,198.61,71.05,32,136.14,34.26,26.81,34.88,185,18.4
2024-06-28,1467.39,198.67,70.32,32.25,137.88,34.19,27.4,34.47,180.03,18.23
2024-07-01,1440.38,204.84,70.47,32.58,144.9,34.36,28,34.4,176.07,18.2
2024-07-02,1490.7,197,71.04,32.7,145.61,35.08,27.36,34.15,176.08,18.19
2024-07-03,1500,195.5,71.2,33.59,143.5,34.46,27.38,34.15,179.5,18.38
2024-07-04,1485.74,193.46,68.92,33,143.01,34.71,27.27,34.22,179.6,18.04
2024-07-05,1453,192.8,71.5,32.92,141.5,33.88,27.08,33.71,177.62,17.81
2024-07-08,1420,192.5,70.98,32.46,144.39,33.99,26.96,33.34,175.91,17.5
2024-07-09,1438.03,207.34,73.11,33.8,154.33,34.47,29,33.84,175.77,17.86
2024-07-10,1437.59,211.14,72.82,33.97,157.53,34.68,28.95,34.13,173.05,18.17
2024-07-11,1462.09,201.65,72.99,34.58,153.26,32.9,28.76,34.59,177.01,18.32
2024-07-12,1478.82,199.4,70.59,34.62,150.12,34,27.26,34.64,179.8,18.36
2024-07-15,1474.9,208.2,72,34.48,149.58,33.78,26.96,34.34,178.12,18.46
2024-07-16,1476,249.84,77.84,34.61,148.12,33.79,27.46,34.25,179.3,18.73
2024-07-17,1501.4,247.94,76.62,35.15,141.71,34.07,25.95,35.1,180.89,18.85
2024-07-18,1497.51,254,75.36,35.05,140,34.09,25.41,35.78,188.35,18.97
2024-07-19,1525.62,268.4,78.22,35.62,134.98,34.25,24.66,36.27,189.44,19.39
2024-07-22,1499,265.22,78.66,35.69,134.6,33.34,24.91,35.7,189.52,20.19
2024-07-23,1455,248.46,75.3,35.16,130.92,33.34,24.54,34.42,186.2,19.2
2024-07-24,1440.02,261.25,75.44,34.81,130.34,33.18,24.3,33.97,186.32,18.88
2024-07-25,1430.49,255.8,74.8,35.27,122.27,32.83,23.2,34.25,187.73,19.02
2024-07-26,1422.19,250.73,74.31,35.08,124.25,32.37,23.5,34.33,189.35,19.26
2024-07-29,1398.02,246.52,73.85,33.95,129.59,32.45,23.8,33.55,184.53,18.88
2024-07-30,1379.99,244.4,75,33.85,127.66,32.42,22.85,33.6,184.89,18.92
2024-07-31,1421.28,264.06,79.5,34.58,129.5,32.73,23.84,35.14,186.31,19.8
2024-08-01,1386.16,258,79.66,34.41,129.9,32.71,23.97,34.61,180.3,19.58
2024-08-02,1385.45,245.1,77.97,34.33,118.98,32.28,22.33,34.65,177.09,19.21
2024-08-05,1410.01,229.69,73.81,34.72,110.12,32.1,20.42,34.9,177,19.12
2024-08-06,1404.7,233.46,74.87,34.73,114.48,31.7,20.81,35.29,174.95,19.11
2024-08-07,1415.5,229.5,71.64,34.42,113.32,31.58,20.4,35.03,173.67,18.97
2024-08-08,1430.69,229.54,72.38,34.31,110.5,31.93,20.48,35.73,172.4,19.07
2024-08-09,1436.8,246.96,72.01,34,112.53,32.33,20.79,35.49,170,18.89
2024-08-12,1436.1,241.05,73.7,33.9,113.35,32.12,20.64,35.48,169,18.87
2024-08-13,1423.01,240.7,73.51,33.84,116.94,31.94,20.78,35.01,173.78,19.06
2024-08-14,1413.3,241.68,73.57,33.44,115.78,31.86,21.38,34.59,172.21,18.85
2024-08-15,1426.89,241.32,76.6,34.25,115.1,32.76,20.66,35.2,173.4,19.15
2024-08-16,1431.2,244.6,76.84,34.02,119.96,33.15,21.06,34.9,173.62,19.1
2024-08-19,1425.44,255,76.84,33.58,121.64,33.42,20.78,34.7,175.6,19.04
2024-08-20,1422.72,247.98,75.65,33.53,121.69,33.48,20.65,34.4,174.87,18.93
2024-08-21,1417.58,263.84,76.98,33.5,122.22,33.24,20.77,34.6,174.01,18.92
2024-08-22,1410.05,260.69,77.3,32.78,121.39,33.3,20.39,34.37,178.8,18.73
2024-08-23,1414.99,253.02,76.25,33.05,119.92,33.7,20.46,34.67,181.8,19.1
2024-08-26,1412,247.22,74.88,33.06,114.34,33.77,20.12,34.31,183.92,18.46
2024-08-27,1404.07,244.1,75.3,32.65,113.25,33.7,19.75,34.2,183.5,18.46
2024-08-28,1389,240.2,74.71,32.47,112.56,33.68,19.77,33.8,182.82,18.43
2024-08-29,1413.3,240.29,75,32.65,106.64,32.93,19.22,33.99,180.8,18.79
2024-08-30,1443.19,256.69,79.39,33.13,108.9,32.15,20.47,37,184.34,19.29
2024-09-02,1395,252.14,77.87,32.25,104.13,31.93,19.45,35.95,181.19,18.92
2024-09-03,1410,240.7,77.32,32.38,105.31,31.62,19.44,36.08,185.65,19.12
2024-09-04,1400,239.14,76.47,32.33,101.9,31.36,18.92,35.41,187.15,19.12
2024-09-05,1404.88,206.9,74.7,32.56,101.67,31.2,18.88,35.67,186.8,19.11
2024-09-06,1398,215.18,76.18,32.44,99.42,31.25,18.36,35.49,185.95,19.06
2024-09-09,1375,210.71,76.4,31.75,102,30.24,18.6,35.27,185.15,18.98
2024-09-10,1378,213.68,78.9,31.34,106.43,30.19,18.82,35.47,181.16,18.88
2024-09-11,1380,215.66,79.2,31.13,106.18,30.08,18.78,36.19,186.56,19
2024-09-12,1335.06,214.49,76.1,30.97,108,30.23,18.84,35.93,189.35,18.88
2024-09-13,1304.13,220.5,77.98,30.79,115.94,30.6,19.25,35.85,183.5,18.92
2024-09-18,1266.9,210.01,74.73,30.24,113.64,31.11,18.75,36.14,186.4,18.94
2024-09-19,1261,209.5,75.92,30.89,110.03,30.82,18.85,36.18,186.9,19.34
2024-09-20,1263.92,208.87,75.92,31,109,30.94,18.86,35.92,185.6,19.29
2024-09-23,1261.54,212.61,75.51,31.02,108.9,31.39,18.71,36.28,188.2,19.31
2024-09-24,1372.6,221.8,78.12,32.28,122.16,33.13,20.58,38.32,197.52,20.82
2024-09-25,1399,222.01,78.75,32.5,121.99,34.15,21.07,38.6,203.1,21.16
2024-09-26,1529,224,80.99,33.87,129.68,35.38,21.66,41.33,205.51,22.48
2024-09-27,1629.2,240.97,86.09,35.7,133.6,35.63,23,43.8,226.81,24.73
2024-09-30,1748,289.16,103.28,38.42,154.86,37.61,25.19,48.17,251.89,27.2
2024-10-08,1723,346.99,123.94,38.93,185.83,40,27.71,51.8,299,29.92
2024-10-09,1595.15,371.5,131,35.49,166.4,37.01,26,46.65,255,30.35
2024-10-10,1640,347.2,131.03,35.9,162.71,38.73,25.8,47.02,258,27.75
2024-10-11,1604.99,333,123.7,35.27,159.64,38.43,24.59,46.02,241.79,28.17
2024-10-14,1601.99,374.1,124.2,35.1,162,39.33,25.16,46.41,249.72,27.46
2024-10-15,1554.25,355.55,117,34.58,157.8,38.5,24.6,45.35,241.22,26.72
2024-10-16,1522.5,342.19,113.57,34.26,148.7,39.5,23.53,43.19,233.85,26.41
2024-10-17,1494.6,358.09,116.18,33.93,150.5,38.49,23.71,42.24,231.5,26.16
2024-10-18,1541,429.71,132.99,34.8,168,39.05,26.08,43.09,249.89,27.91
2024-10-21,1528.8,444,131.3,34.98,164.97,38.85,26.2,43.19,253.36,27.46
2024-10-22,1543,421,128.11,35.1,170,39.17,26.26,43.48,250.55,27.67
2024-10-23,1567.5,419,125.02,35.6,156.16,39.66,25.61,43.96,249.3,27.57
2024-10-24,1552.2,425.2,123.8,35.09,157.1,39.31,25.35,43.48,246.16,27.28
2024-10-25,1558.85,421.89,122,35.32,156.36,39.1,25.66,44.33,258.88,27.5
2024-10-28,1565,434.7,122.57,35.66,150.54,38.52,25.26,45.37,256.24,27.49
2024-10-29,1531.62,434.01,126.53,35.27,143.47,38.6,25.05,45,251.78,27.23
2024-10-30,1532,445.25,125.19,35.26,141.25,37.88,24.84,44.15,248.03,27.46
2024-10-31,1527.79,453.6,128.42,34.96,143.02,37.36,24.25,43.77,245.98,28.12
2024-11-01,1533.75,411.01,123.88,34.92,140.73,38.01,23.68,44.23,246.2,27.95
2024-11-04,1548.2,410.94,124.45,35.1,143.15,38.75,24.33,44.78,251.2,29.06
2024-11-05,1576.99,437.86,129.28,35.74,148.29,39.08,24.75,45.49,261.39,30.47
2024-11-06,1571,456,133.19,35.72,142.9,38.56,24.18,45.2,256.5,31.08
2024-11-07,1649.14,476,141.75,36.77,145.08,39.57,24.64,48.74,262.8,34.19
2024-11-08,1609.97,431,136.99,36.53,142.21,38.8,25.98,48.79,257.5,34.88
2024-11-11,1598.01,430.51,139.05,36.59,144.9,38.33,27.01,47.39,267.5,34.88
2024-11-12,1577.2,422.99,129.41,36.35,147.5,37.59,25.72,46.9,273.02,33.93
2024-11-13,1578.5,474,131.51,36.41,156.3,37.82,26.47,47.08,282,32.92
2024-11-14,1573.8,469,126.7,36.01,148.81,38.06,24.87,46.26,275,32.67
2024-11-15,1559,453.68,121.9,36.29,140.5,37.82,23.92,46.11,265.56,31.13
2024-11-18,1559,448.66,123.11,36.18,132.01,37.9,23.24,45.51,262.92,30.67
2024-11-19,1541.92,461,127.2,35.96,134.8,37.72,23.72,45.4,268.72,31.3
2024-11-20,1544.81,475,126.54,36.02,138.14,37.48,24,45.2,267.55,31.74
2024-11-21,1545.13,514.32,128.5,35.83,133.8,37.43,23.43,45.1,268.26,31.89
2024-11-22,1507.82,492,123.9,34.82,132.28,36.45,22.84,43.53,259.1,30.33
2024-11-25,1498.57,489,118.26,34.45,125,36.22,22.11,43.7,264.1,29.66
2024-11-26,1509,485.9,118.1,34.55,127.04,36.39,22.09,44.38,256.72,29.72
2024-11-27,1519.05,534.55,123.2,34.79,128.69,36.6,22.32,44.49,259.9,30.28
2024-11-28,1518,546.03,126,34.82,124.79,36.47,21.85,44.05,254.7,29.87
2024-11-29,1525.74,561,125.81,34.91,126.73,36.34,22.19,45.14,261.24,30.75
2024-12-02,1525,562,126.89,35.69,132.03,36.51,22.56,47.05,262.19,31.27
2024-12-03,1526.74,569.99,125.37,35.67,130,37.12,22.24,47.2,261.84,31.08
2024-12-04,1520,552.6,128.89,35.08,128.02,36.81,21.88,46.6,258.97,30.8
2024-12-05,1511,570.12,128.02,35,131.84,36.91,22.54,46.18,256,30.9
2024-12-06,1521.01,553.6,129.81,35.52,131.51,37.7,22.6,46.52,266.55,31.24
2024-12-09,1518.8,539,128.99,35.53,125.1,37.7,22.13,46.27,268.05,31.12
2024-12-10,1546.59,538.43,130.3,35.59,123.15,38.6,22.14,47.43,270.57,31.48
2024-12-11,1535.6,544.8,124.38,35.84,125.13,38.3,22.33,47.85,267.1,31.34
2024-12-12,1565.8,576.99,126.8,36.15,130.17,38.8,22.34,48.43,273.71,31.66
2024-12-13,1519,568,123.81,35.73,127.1,37.3,21.35,47.18,267.03,30.42
2024-12-16,1527.2,575.25,123.42,35.31,122.8,37.74,21.06,46.73,267.2,30.03
2024-12-17,1558,570,121.81,34.97,125.99,37.85,21.6,46.8,273.8,30.23
2024-12-18,1571.5,617.55,121.2,34.86,123.43,38.52,21.41,47.4,271.41,30.29
2024-12-19,1551.01,636.02,128.78,34.46,127.04,38.02,22.19,46.93,269.79,30.33
2024-12-20,1522,675.95,131.06,34.51,127.1,37.91,22.02,46.65,262.71,30.34
2024-12-23,1526.45,648.75,136.7,34.67,132.59,38.35,22.05,46.68,263.5,29.92
2024-12-24,1538.82,659.3,140.75,35.12,131.61,39.22,23,47.44,268.23,30.32
2024-12-25,1530,662.1,156.6,35.3,134.99,39.4,22.72,46.93,267.97,30.09
2024-12-26,1527.79,651.24,159.18,34.96,140.8,39.48,23.33,46.47,261.25,30.15
2024-12-27,1528.97,652.1,155.05,35.24,136.85,39.34,22.61,46.73,262,30.22
2024-12-30,1525,683.5,154,34.81,131.18,39.62,22.45,46.35,266.58,30.51
2024-12-31,1524,658,149.79,34.15,123.51,39.3,21.5,45.9,266,29.17
2025-01-02,1488,645.62,139.08,33.31,122.11,38.51,20.71,45.07,258.78,27.45
2025-01-03,1475,621,135.61,33.1,123.01,38.66,20.55,44.3,257.63,26.97
2025-01-06,1440,649.48,134.57,33.1,125.49,39.05,20.67,43.56,256.75,27.06
2025-01-07,1440.2,718,147.6,33.01,128.35,38.9,21.25,42.86,249.45,27.16
2025-01-08,1442.5,726,149.89,32.88,124.22,39.28,20.63,42.65,245.34,26.98
2025-01-09,1444,712.29,148.2,32.67,121.51,39,20.54,42.28,247.33,26.89
2025-01-10,1436,729.97,146.7,32.37,113.13,38.98,19.75,42,246,26.46
2025-01-13,1443.98,719,143.4,32.4,110.8,39.07,19.72,42.28,246.91,26.51
2025-01-14,1472.5,694.01,144.05,33.21,114.35,39.85,20.57,42.99,256.2,27.7
2025-01-15,1471.27,695.96,147.2,33.34,110.54,40.64,20.14,42.46,250.87,27.37
2025-01-16,1446.38,594,132.81,33.2,119.49,40.99,20.84,41.9,249.93,27.25
2025-01-17,1454.75,592,131.78,33.2,116.9,40.71,20.66,42.41,251.5,27.31
2025-01-20,1474.8,618.22,133.9,33.09,119.16,40.12,20.77,42.12,265.52,27.4
2025-01-21,1468.15,625,133.03,33.2,119.56,40.14,21.21,42.34,264.18,27.42
2025-01-22,1441,641.12,132.47,33.33,132,39.45,23.33,41.1,258,27.23
2025-01-23,1443,621,130.54,33.25,127.75,39.83,23,41.17,257.5,27.45
2025-01-24,1436,612.98,131,33.34,128.25,40.26,23.35,41.05,260.62,27.54
2025-01-27,1434.99,572,128,33.16,114.82,40.65,21.45,40.99,257,26.93
2025-02-05,1403.8,576,139.19,33.01,98.25,40,20,40.51,252.12,26.95
2025-02-06,1412.84,563.99,140.81,33.12,101,40.2,20.48,40.99,253.1,27.37
2025-02-07,1436,598.89,139.7,33.3,107.78,40.2,21.55,41.85,261.28,28.14
2025-02-10,1431.51,651.96,142.3,33.48,110.62,40.6,21.72,41.76,258.45,28.15
2025-02-11,1418,667.83,140,33.03,111.5,40.98,21.77,40.82,251.8,27.97
2025-02-12,1443,656,141.08,33.04,111.9,41.62,22.15,41.2,255.3,28.27
2025-02-13,1465.06,638,135.05,33.01,108.12,41.71,21.79,41.06,261.39,28.12
2025-02-14,1475,625.95,135.89,32.99,107.43,42.03,22.1,41.24,269.71,28.24
2025-02-17,1471.62,660.82,141.61,32.9,115.56,41.72,22.9,41.23,269.4,28.29
2025-02-18,1475,628.1,137.47,32.6,113.59,42.05,22.68,40.85,270.77,27.54
2025-02-19,1491,625.51,137.37,32.55,114.24,41.98,23.24,40.95,273.55,27.99
2025-02-20,1474,618.51,136.15,32.55,114.44,41.85,22.62,41.13,270.2,27.89
2025-02-21,1488.21,742.21,156.96,32.72,118.73,41.4,23.2,41.46,275.55,28.46
2025-02-24,1479.07,780.36,154.06,32.84,114.5,41.27,23.21,41.4,271.5,28.35
2025-02-25,1454,790.38,155.9,32.47,111.35,41.03,23.08,40.56,269.48,27.83
2025-02-26,1460.01,795,165,32.52,112.22,41.48,22.77,40.44,268.62,28.45
2025-02-27,1485.56,796,169.99,32.81,108.18,42.38,21.96,41.22,270,28.24
2025-02-28,1500.79,735.44,160,32.49,100.87,42.05,21.19,41.11,264.3,27.33
2025-03-03,1487.02,693.07,150.93,32.38,102.77,42.05,21.07,40.5,273.53,27.36
2025-03-04,1470.11,685.56,151.5,32.4,102.46,41.8,21.04,40.46,263,27.36
2025-03-05,1466.37,711.4,153.95,32.26,103.46,42.89,21.04,40.36,260.99,27.34
2025-03-06,1505.98,775,163.03,32.35,105.17,42.96,21.32,41.13,264.31,28
2025-03-07,1521,750,159.8,32.19,102.24,43.57,20.87,41,260.76,27.58
2025-03-10,1522.9,779,163,32.14,102.38,43.07,21.03,40.35,256.5,27.24
2025-03-11,1548.68,792,158.01,32.22,101.78,43.51,20.82,40.92,255.2,27.3
2025-03-12,1542.58,774,162.42,32.13,102.36,43.54,20.91,40.2,254.5,27.3
2025-03-13,1537.77,741.99,155.49,32.02,102.49,43.84,20.67,40.18,253.22,27.1
2025-03-14,1628.01,758,156.88,32.47,103.99,45.16,21.26,41.59,262,28.07
2025-03-17,1637.86,751.7,154.79,32.69,104.26,45.04,21.52,42.06,256,27.86
2025-03-18,1624,750,153.4,32.66,108.86,45.14,21.54,41.45,257,27.95
2025-03-19,1635.71,703.9,152.84,32.57,104.98,46.02,21.02,41.45,265.39,27.93
2025-03-20,1604,703.63,151.66,32.48,105,45.24,20.85,40.79,262.15,27.68
2025-03-21,1573.75,685.05,145.8,32.37,102.45,44.7,20.63,40.08,256,27.09
2025-03-24,1583,684.18,149,32.47,102.88,45.05,20.84,40.36,258.16,27.19
2025-03-25,1575.5,642.35,142.02,32.86,102,45.09,20.51,40.48,259.48,27.02
2025-03-26,1576,643,141.05,32.69,101.08,42.66,20.38,40.53,256.92,26.98
2025-03-27,1589,638.25,142.16,32.7,99.12,43.26,20.22,41.33,258.88,26.9
2025-03-28,1585.21,627,140.99,32.5,97.41,43.22,19.98,40.98,256.8,26.8
2025-03-31,1561,623,141.3,32.33,98.64,43.29,19.86,40.58,252.94,26.52
2025-04-01,1556.02,632.94,141.91,32.6,98.61,42.87,20.02,40.68,249.06,26.44
2025-04-02,1549.02,629.35,141.83,32.39,99.76,42.73,20,40.84,249.14,26.54
2025-04-03,1568.88,638,142.02,32.38,93.88,42.65,19.05,40.67,243.08,26.44
2025-04-07,1500,565.16,136.46,30.66,75.1,40.83,17.15,39.3,215.22,24.02
2025-04-08,1545,565.96,134.23,31.63,72.28,41.15,15.44,41.2,219.05,24.5
2025-04-09,1541.04,615.69,141.48,33.16,71.99,40.46,16.33,42.19,211.39,24.89
2025-04-10,1549,602.89,141.27,33.02,77.49,41.1,17.96,42.2,217.98,25.14
2025-04-11,1568.98,614.98,146.92,32.66,78.37,41.51,17.8,42.04,224,25.36
2025-04-14,1551.99,637.7,150.15,32.65,81.54,41.48,17.92,42.15,224,25.23
2025-04-15,1558,619.88,150.4,32.18,80.17,42.1,18.1,42.76,228.15,25.11
2025-04-16,1559.17,646,154.5,32.7,77.99,42.25,17.5,43.43,224.89,25.15
2025-04-17,1570,677,154,32.95,77.61,42.12,17.4,43.43,226,25.17
2025-04-18,1565.94,669.54,149.64,32.52,79.14,42.75,17.56,42.14,225.46,25.15
2025-04-21,1551,695,153.72,32.4,81.19,42.28,17.81,42.16,231.36,25.23
2025-04-22,1548.8,694.98,152.1,32.31,80.07,42.01,17.78,42.19,230.69,25.08
2025-04-23,1552,685.21,149,32.08,83.52,41.99,18.24,41.82,233.35,25.13
2025-04-24,1552.25,691.96,148.3,32.09,81.33,42.21,17.92,42.55,236.87,25
2025-04-25,1550,689.96,147.21,32.26,85.27,42.08,18.24,42,236.6,25.2
2025-04-28,1550,710.8,148.6,32.18,83.39,42.35,18,41.26,234.85,25.13
2025-04-29,1544,705,150.1,32.08,83.09,42,18.09,42.46,232.03,25.01
2025-04-30,1547,703.6,148.6,32.1,83.49,40.74,18.06,41.92,231.5,25.08
2025-05-06,1550.2,707.22,150.01,32.25,86.65,41.37,18.81,41.78,231.63,25.51
2025-05-07,1555,721.03,150.8,32.34,86.65,42.02,18.63,43.21,238.61,25.67
2025-05-08,1578.19,703.23,146,32.32,96.49,42.8,19.03,42.61,244.57,25.86
2025-05-09,1591.18,700,143.88,32.08,94.8,43.48,18.69,42.4,248.27,25.55
2025-05-12,1604.5,675.4,143.7,32.25,97.27,43.8,19.27,42.54,257,26.3
2025-05-13,1590.3,678.29,142.17,32.25,96.43,44.56,19.09,42.05,258.77,26.09
2025-05-14,1634.99,683.99,144.22,32.56,98.39,44.81,19.55,42.52,262.6,27.07
2025-05-15,1632.01,677,142.11,32.6,94.12,44.92,19.1,43.15,260.18,26.58
2025-05-16,1614.13,668,138.49,32.55,97.83,44.27,19.22,42.58,259.36,26.21
2025-05-19,1578.98,671.94,139.9,32.67,95.28,43.84,19.05,42.91,260,26.11
2025-05-20,1586,673,138.96,32.67,95.96,43.9,19.06,42.98,263,26.09
2025-05-21,1580.97,666.49,138.85,32.7,95.73,43.9,18.97,43.88,274.08,26.04
2025-05-22,1580,661.66,136.66,32.79,94.46,44.51,19.05,43.94,270.37,25.99
2025-05-23,1572.6,658.6,136.13,32.39,91.87,44.05,18.79,44.37,266.99,25.67
2025-05-26,1550.5,651,136.13,32.56,92.36,43.8,18.76,44.78,255.9,25.62
2025-05-27,1543.9,614,136.13,32.57,90.16,43.74,18.47,44.52,253.99,25.51
2025-05-28,1537,609.99,136.13,32.61,92.62,43.68,18.58,45.39,253.6,25.42
2025-05-29,1540,612.9,136.13,32.53,94.94,43.47,19.7,44.63,251.85,25.7
2025-05-30,1522,603.66,136.13,32.36,93.55,43.43,18.93,44.42,250,25.52
2025-06-03,1509,595.86,136.13,32.5,91.76,43.97,18.79,44.4,251.15,25.59
2025-06-04,1509.96,607.5,136.13,32.51,97.3,44.06,19.43,44.17,251.05,25.89
2025-06-05,1514,619.86,136.13,32.47,102.88,44.37,20.56,43.1,251.5,26.18
2025-06-06,1506.39,610,136.13,32.38,103.45,44.47,20.31,42.83,248.88,25.98
2025-06-09,1486.11,613.28,136.13,32.56,108.55,44.6,20.43,42.12,245.58,26.43
2025-06-10,1475.01,601.89,141.98,32.38,107.77,44.67,20.16,41.72,243.14,25.95
2025-06-11,1480,600.2,135.5,32.78,107.98,45.31,20.4,41.73,250.5,26.38
2025-06-12,1459,604.8,136.09,32.5,116,45.23,20.66,41.29,249.81,26.44
2025-06-13,1426.95,604.9,137.06,32.08,116.65,45.18,20.9,41.07,248.2,26.3
2025-06-16,1422.29,597.55,138.35,31.92,120.57,45.78,21.22,40.12,246.66,26.68
2025-06-17,1427,573.3,135.7,31.79,119.36,45.98,20.6,40.43,246.26,26.7
2025-06-18,1425,583.91,134.68,31.56,125.06,45.85,21.16,40.23,245.57,26.38
2025-06-19,1426,582.08,134.15,31.33,128.3,45.63,20.81,38.69,242.1,25.91
2025-06-20,1428.66,573.97,133.5,31.38,129.5,45.99,20.59,38.51,240.26,25.88
2025-06-23,1420,568,133.58,31.29,127.09,46.25,20.2,38.44,239.61,26.23
2025-06-24,1437.2,607.25,137.14,31.68,125.25,46.75,20.29,38.98,245.92,26.91
2025-06-25,1435.86,611.11,137.99,31.8,125.73,47.5,20.98,39.46,254.9,28.03
2025-06-26,1420,610.5,141.75,31.77,129.7,47.88,21.04,38.95,252.79,27.57
2025-06-27,1403.09,585.5,139,31.77,138.4,46.22,21.35,38.76,250.99,27.58
2025-06-30,1409.52,601.5,141.29,31.77,145.86,45.95,21.38,38.91,252.22,27.62
2025-07-01,1405.1,563,136.5,31.61,145.3,46.45,21.4,39.1,251.5,27.39
2025-07-02,1409.6,545.1,135.56,31.55,138.93,46.9,21.16,38.9,250.45,27.28
2025-07-03,1415.6,547.3,135.36,31.65,142.26,46.61,23.28,38.92,262.59,27.67
2025-07-04,1422.22,547.47,135.56,31.57,139.45,47.07,23.81,38.86,265.8,27.66
2025-07-07,1410.7,541.38,136.03,31.48,135.15,47.2,23.98,38.6,260.89,27.79
2025-07-08,1416.11,542.77,136.9,31.59,144.88,47.62,26.38,38.88,263.31,28.02
2025-07-09,1418.88,535,135.39,31.69,145.3,47.13,26.6,38.6,270.8,27.81
2025-07-10,1426.5,523.5,135.11,31.73,146.59,48.24,26.16,38.69,272,28.23
2025-07-11,1427,553.98,137.43,31.7,145.28,45.64,26,38.69,271.5,28.66
2025-07-14,1423.6,565.06,136.1,31.83,149.82,45.57,25.92,38.52,268.5,28.41
2025-07-15,1411,553.1,136.7,31.73,174.81,45.22,27.25,38.39,267.75,28.24
2025-07-16,1411.03,580.19,137.56,31.79,170.76,45.11,26.73,38.38,264.4,28.08
2025-07-17,1416.35,582.4,138,31.83,176.85,45,27.5,38.52,265.5,28.25
2025-07-18,1437,582.62,136.97,32.14,180.62,45.05,27.11,38.8,271.2,28.34
2025-07-21,1443,582,136.67,32.18,187.95,44.85,27.02,38.9,279.66,28.9
2025-07-22,1464.98,593.93,135.34,32.39,184.44,44.94,26.96,39.5,286.66,28.93
2025-07-23,1475.5,595.56,135.17,32.41,186.18,45.12,26.58,39.43,287.02,29.78
2025-07-24,1491.5,600.23,136.7,33.23,185.2,44.88,28.45,39.91,285.2,30.04
2025-07-25,1455,673.3,141.49,32.76,185.22,44.83,28.66,39.32,282.8,29.7
2025-07-28,1438.66,679,139.93,32.73,191.87,44.44,29.57,39.05,286.3,29.96
2025-07-29,1439,710.78,143,32.55,209.93,44.14,31.19,38.87,291.82,29.95
2025-07-30,1449.44,684.7,140.45,32.67,210.6,44.42,33.28,39.2,277.09,29.78
2025-07-31,1421.67,709.5,139.2,32.18,217.61,44.48,34.61,38.35,264.62,29.02
2025-08-01,1417,689.1,137.75,32.14,210.63,44.42,33,38.09,263.07,28.75
2025-08-04,1419,689.06,142.58,32.11,208.42,44.9,32.97,38.26,266.48,28.91
2025-08-05,1427.74,695,142.46,32.34,210.92,45.25,35.05,38.4,265.7,29.18
2025-08-06,1423.88,694.34,137.34,32.23,210.52,45.12,34.3,38.35,265,29.16
2025-08-07,1422.35,703,136.61,32.27,208.46,45.15,35.65,38.35,263.05,29.11
2025-08-08,1420.97,692.8,136.12,31.91,209.3,44.53,36.59,38.26,263.48,28.88
2025-08-11,1445,707.4,135.91,31.9,214.75,44.1,36.35,38.49,263.66,29.38
2025-08-12,1437.04,848.88,138.8,31.84,225.68,44,39.71,38.56,263.25,29.48
2025-08-13,1420.05,860,140.12,31.83,252,43.54,43.68,38.59,273.6,29.62
2025-08-14,1426.99,949,152.49,31.86,239.47,43.78,43.22,38.77,279.89,29.65
2025-08-15,1422.08,923.7,153.86,31.8,238.05,43.3,44.86,38.89,280.67,31.1
2025-08-18,1428.5,950,152.61,31.87,260,43.51,44.46,39.32,283,31.7
2025-08-19,1438,933.98,148.73,31.87,275.5,43.4,48.91,39.26,277.8,31.02
2025-08-20,1450,1013,155.79,32.29,267.79,43.45,47.91,39.49,279.2,31.15
2025-08-21,1448.25,1036,155.05,32.47,265.22,43.47,45.29,39.75,279,30.88
2025-08-22,1463.95,1243.2,186.06,32.5,278.9,43.26,45.83,39.85,287.18,32.2
2025-08-25,1490.33,1384.93,210.1,32.79,320,43.87,48,41.1,290.28,32.14
2025-08-26,1481.61,1329,197.23,33.15,314,43.52,45.48,41.07,289.5,31.68
2025-08-27,1448,1372.1,191.95,32.52,325.1,43,45.72,40.4,278.3,30.89
2025-08-28,1446.1,1587.91,205,32.65,359.03,42.98,48.94,40.08,277.41,31.5
2025-08-29,1480,1492.49,194.52,32.32,354.92,42.89,53.83,41.44,306.18,31.48
2025-09-01,1476.1,1448.39,208.96,32.36,406.1,41.98,55.62,41.22,304,31.17
2025-09-02,1491.3,1480,201.89,32.17,384,43.44,53.88,40.94,302.87,30.78
2025-09-03,1480.55,1405,194.98,31.95,426.19,42.9,54.24,40.18,309,29.79
2025-09-04,1472.66,1202,173.28,31.73,369.14,43.05,53.13,40.42,304.03,29.56
2025-09-05,1483,1281.46,179.4,31.92,407,42.76,55.83,40.44,325.11,29.83
2025-09-08,1501.23,1212.78,179.35,32.56,369.99,42.43,51.4,41.17,325.37,29.45
2025-09-09,1505,1228.07,174.51,32.38,359.29,42.83,48.79,41.33,320,29.52
2025-09-10,1522.01,1273,184.03,32.16,385,43,53.67,40.95,316.04,29.48
2025-09-11,1523.5,1387,220.84,32.24,439.97,43.3,59.04,41.29,322.55,30.33
2025-09-12,1516,1488,220.02,32.08,422.09,42.54,61.9,40.65,325,29.78
2025-09-15,1515.1,1440,231.5,32.08,408.02,42.22,59.9,40.84,354.7,29.59
2025-09-16,1499.98,1440.1,246,32.06,411.42,41.75,59.73,40.33,353.42,29.28
2025-09-17,1493,1442,242.69,32.39,406.2,41.76,61.12,40.29,377.1,28.99
2025-09-18,1467.96,1420.99,243.81,31.94,409.4,40.83,64.36,39.79,366.89,28.35
2025-09-19,1467.97,1349.24,235.96,32.3,421.5,41,66.1,39.8,368.49,28.31
2025-09-22,1453.35,1398,261.21,32.05,418,40.92,70.5,39.51,370.05,28.78
2025-09-23,1447.42,1350.38,254.66,31.88,434.29,41.55,70.87,39.3,368.15,28.5
2025-09-24,1442,1374,259.89,31.93,423.5,41.32,68.63,38.8,379.93,28.69
2025-09-25,1439,1386.69,267.92,31.73,434.6,40.82,68.46,38.6,392.85,28.71
2025-09-26,1435,1339,259.1,31.66,413.7,40.8,64.87,38.8,380.4,28.72
2025-09-29,1460.86,1323.5,255.84,31.89,416.75,40.68,66.58,38.88,397.37,30.41
2025-09-30,1443.99,1325,252.6,31.89,403.68,40.41,66.01,38.96,402,29.9
2025-10-09,1436.78,1332.79,263.05,31.95,398.81,40.33,68.45,39.34,409.89,29.65
2025-10-10,1430,1247.08,241.49,31.88,390,40.18,66.41,39.28,381.95,29.68
2025-10-13,1419.2,1262.11,244,31.52,376.99,40.11,63.48,38.9,374.5,29.2
2025-10-14,1451.02,1196,227.6,31.59,346.1,41.26,59.72,39.1,358,29.03
2025-10-15,1462,1242,241.05,31.88,354.12,41.5,63.38,39.49,369.3,29.69
2025-10-16,1484.91,1274,233.01,31.6,366.97,41.93,63.59,39.77,368.5,29.65
2025-10-17,1455,1247.68,228.25,31.32,373.6,41.59,60.01,39.08,358.14,29.09
2025-10-20,1457.93,1281.12,228.74,31.43,403,41.42,62.06,38.94,366.5,29.23
2025-10-21,1462.26,1368.96,236.9,31.4,441.5,41.98,68,38.95,375.9,29.36
2025-10-22,1458.7,1429.5,241.79,31.27,444.3,41.95,65.46,38.65,372.86,29.19
2025-10-23,1467.98,1398.9,236.15,31.38,440.88,42.24,63.99,38.63,376.45,29.52
2025-10-24,1450,1525,249.01,31.37,494,41.95,67.25,38.6,385.77,29.87
2025-10-27,1440.41,1530.68,251.03,31.37,508.94,41.59,72.76,38.71,386.18,29.99
2025-10-28,1445,1478.58,245.74,31.5,513,41.6,73.99,38.4,386.48,30
2025-10-29,1431.9,1461,246.84,31.6,520.72,40.77,80.8,38.44,400,30.3
2025-10-30,1426.74,1422,238.2,31.67,514.74,41.2,77.97,37.98,398.29,29.68
2025-10-31,1430.01,1375,229.33,32.29,473.01,40.89,72,38.11,388.77,29.38
2025-11-03,1435,1346.6,226.17,32.24,480,41.79,74.89,38.15,386.86,29.22
2025-11-04,1429,1339.6,223.7,32.08,477.8,43.01,73.49,37.75,378.95,29.08
2025-11-05,1420.08,1348,222,32.25,477.01,42.8,75.24,37.69,388.7,29.06
2025-11-06,1435.13,1480,239.68,32.03,496.88,42.34,76.22,37.71,394.68,29.19
2025-11-07,1433.33,1432.5,232.67,32.23,490.05,42.51,72.7,37.97,395.37,29
2025-11-10,1462.3,1391.5,224.87,33.26,490,42.72,71.5,38.65,384.51,29.3
2025-11-11,1458.99,1330,221.4,33.53,468.05,42.96,68.03,38.62,385.6,29.06
2025-11-12,1465.15,1365.78,219.98,33.96,491.75,42.93,68.6,38.46,386.38,28.9
2025-11-13,1470.38,1384.9,222.75,34.55,481,43.21,67.99,38.6,415.6,29.08
2025-11-14,1456.6,1325.01,212.21,34.23,462.82,43.25,64.27,38.42,404.12,28.64
2025-11-17,1471,1303.1,213.53,33.59,483.2,42.65,64.94,38.19,390.78,28.29
2025-11-18,1476,1326.7,215,33.14,472.91,42.88,64.72,37.97,385,28.22
2025-11-19,1471.01,1332,213.03,32.64,488.6,43.22,65.06,37.8,391.1,28.3
2025-11-20,1467.11,1322.3,214.83,32.58,492,43.23,65.94,37.75,379.39,28.3
2025-11-21,1466.6,1249,206.3,32.01,464.01,43,60.67,37.29,370,27.3
2025-11-24,1452,1261.98,208.26,31.54,456.8,42.63,55.94,36.88,370.55,27.39
2025-11-25,1444.65,1260,206.7,31.55,479.66,43.25,56.61,37.1,372.36,27.47
2025-11-26,1449.15,1314.66,213.65,31.74,543.22,43.25,58.93,36.83,372.82,27.6
2025-11-27,1447.3,1317.36,215.95,31.64,524,43.19,60.27,36.99,371.2,27.58
2025-11-28,1450.5,1331,217.3,31.66,514.5,42.95,60.72,36.96,373.2,27.59
2025-12-01,1448,1362.44,216.03,31.89,538,43.44,59.81,37.16,382.97,27.67
2025-12-02,1436.03,1328.73,212.58,31.83,542,43.38,60.96,36.87,380.08,27.37
2025-12-03,1429.1,1332.3,210.14,32.02,523.73,43.01,61.68,36.41,376.08,27.15
2025-12-04,1423.98,1369,216,31.89,535.5,43.22,61.4,36.22,383.35,27.2
2025-12-05,1430.01,1355,214.26,31.81,537.05,43.45,61.12,36.51,389.09,27.86
2025-12-08,1418.22,1417.8,220.88,32.15,570,43.18,63.41,36.51,392.5,28.7
2025-12-09,1401.01,1436,219.3,31.84,606,43.04,67.99,36.47,387.59,28.53
2025-12-10,1402.8,1420.88,218.5,32.39,616,41.7,65.21,36.42,382.38,28.52
2025-12-11,1411.99,1382.02,212.6,32.01,586.81,41.68,62.3,36.34,388.99,28.29
2025-12-12,1420.65,1344,210,31.02,582,41.74,61.75,36.49,391.8,28.41
2025-12-15,1426,1331.9,203,30.75,570.86,41.8,59.14,36.51,385.5,28.55
2025-12-16,1422,1273.92,197.75,30.73,551.79,41.7,58.95,36.74,378.41,28.48
2025-12-17,1433.1,1315.6,207.1,30.91,589.98,41.52,61.5,37.03,383.42,28.97
2025-12-18,1431,1287,202.7,33.11,571.2,42.37,58.28,37.01,372,28.53
2025-12-19,1410,1268,204.08,33.57,571.7,41.99,58.3,37.78,374,28.68
2025-12-22,1408.26,1284.77,215.18,33.44,617.5,41.77,60.62,37.85,371.84,28.65
2025-12-23,1407.86,1336.02,219.52,33.2,621,41.91,62.86,37.78,378.1,28.63
2025-12-24,1400.9,1326.2,219.9,33.65,634.4,41.83,65.14,37.35,375.6,28.74
2025-12-25,1414.17,1319.41,220.45,33.78,639.8,41.78,66.72,37.4,373.01,28.96
2025-12-26,1414.13,1303.89,217.6,33.38,627,41.7,63.84,37.42,374.43,29.1
2025-12-29,1402,1358.5,219.23,33.39,618,41.87,65.24,37.22,369.31,28.94
2025-12-30,1389.72,1415.8,225.01,32.79,632,42.28,64.23,37.28,369.2,28.83
2025-12-31,1377.18,1355.55,224.41,32.76,610,42.1,62.05,37.02,367.26,28.71
2026-01-05,1426,1390,226,32.7,623.51,42.35,63.67,37.93,377.5,29.33
2026-01-06,1428.01,1383.1,225.82,32.97,605.25,42.73,64.05,38.38,373.99,30.19
2026-01-07,1423.36,1394.88,222.75,32.81,619.6,42.15,63.15,38.19,371.01,29.5
2026-01-08,1412.3,1444,241.68,32.83,595.45,41.58,61.33,38.02,369.21,28.54
2026-01-09,1419.1,1491,246.55,32.69,583.2,41.3,61.48,37.89,369.23,28.57
2026-01-12,1423.23,1509.99,246.05,32.54,591.97,41.12,60.93,38.32,361.68,28.78
2026-01-13,1411,1408.09,235.57,32.53,585.76,41.13,59.43,38.18,359,28.55
2026-01-14,1398.01,1439.12,251.5,31.85,593,40.07,60,37.79,353.98,28.23
2026-01-15,1388.89,1415,250,31.81,625.02,40.11,60.79,37.59,353.75,28.28
2026-01-16,1382,1424.05,244.33,31.39,617,38.72,63,36.99,352.32,28.08
2026-01-19,1376,1419.66,255.95,31.72,605.5,38.55,60.9,36.86,348.9,27.91
2026-01-20,1373.55,1343.04,254.21,32.37,585,38.73,59.67,36.88,349.6,28.05
2026-01-21,1351.06,1353.87,288.11,31.96,581.9,38.24,61.56,36.5,349.81,27.94
2026-01-22,1340.06,1353,288.5,31.65,621,37.85,62.75,36.14,345.8,27.92
2026-01-23,1337,1334.99,276,31.35,585,37.5,60.11,35.84,347,27.77
2026-01-26,1342,1300,273,31.05,589.8,38.02,59.26,35.68,342.05,28.07
2026-01-27,1343.01,1300.89,270.75,30.94,615.6,38.1,60.97,35.41,339.4,27.86
2026-01-28,1323.69,1282.78,268.31,30.6,628,37.8,60.69,34.97,339.99,27.94
2026-01-29,1437.72,1252.01,261.29,30.95,613.85,38.53,57.6,36.4,341.89,28.56
2026-01-30,1401,1258.89,264.44,30.8,649,38.67,57.7,35.3,350,28.08
2026-02-02,1427,1242,252.3,30.51,591,38.45,55.68,35.57,348.98,27.86
2026-02-03,1474.92,1128,251.5,30.54,589.7,38.3,55.75,35.87,347.91,27.97
2026-02-04,1525,1068,244,31.19,560,39.01,53.41,36.28,365.03,28.38
2026-02-05,1555,1058.33,238.17,31.24,561.99,39.71,53.88,37.96,362.94,28.29
2026-02-06,1515.01,1036.99,242.68,30.94,540.01,39.6,54.4,37.09,369.11,28.16
2026-02-09,1524.96,1086.8,250.11,31.26,565.99,39.48,55.52,37.16,368.82,28.06
2026-02-10,1504.8,1100.9,259,31.3,555.71,39.34,56.07,36.62,364.97,28.09
2026-02-11,1504.33,1078.9,255,31.25,531.91,39.4,55.2,36.42,368,28.04
2026-02-12,1486.6,1112.5,262.34,31.02,527.46,38.99,55.33,35.94,375.87,27.87
2026-02-13,1485.3,1120.68,259.06,30.75,531,38.71,54.75,35.64,365.34,27.62
2026-02-24,1466.8,1071.55,248.14,30.73,554,38.94,55.38,36.17,361.95,27.63
2026-02-25,1491.66,1082.65,246.48,30.62,566.07,38.78,57.39,35.88,362.18,27.74
2026-02-26,1466.21,1168.8,252.7,30.49,572.22,38.7,57.95,35.84,346,27.38
2026-02-27,1455.02,1178,261.1,30.51,534,38.75,55.7,35.96,342.01,27.37
2026-03-02,1440.11,1191.9,258.95,29.96,570.58,38.67,55.53,35.65,340.22,27.07
2026-03-03,1426.19,1133.05,241,29.92,563.8,39.18,54.88,36.06,344.07,26.8
2026-03-04,1401.18,1117.08,236,29.33,539,38.6,53.76,35.5,338.9,26.14
2026-03-05,1399.04,1168,242.99,29.38,557,39.15,55.1,35.98,350.25,26.21
2026-03-06,1402,1154.88,241.9,29.69,545.48,39.2,54.33,37.02,354.77,26.43
2026-03-09,1397,1125.99,238.43,29.13,525.99,38.79,52.79,37.31,357.5,25.88
2026-03-10,1401.88,1147.1,247.53,29.4,547,39.22,54.36,37.28,376.3,26.13
2026-03-11,1400,1099,244.2,29.33,554.68,39.5,53.89,37.39,396.8,26.1
2026-03-12,1392,1099,242,29.37,534.8,39.5,52.54,37.02,395.5,25.93
2026-03-13,1413.64,1096.1,235.74,29.27,542.02,39.76,52.49,37.79,397,25.75
2026-03-16,1460.18,1089.97,233.85,29.39,561.7,39.91,52.7,38.51,408.4,25.5
2026-03-17,1485,1079.99,227.09,29.49,543,40.12,50.9,38.95,405,25.91
2026-03-18,1468.8,1066,231.4,29.33,580,39.92,52.06,38.56,402.02,25.97
2026-03-19,1452.87,1037.02,222.63,29.08,575.2,39.77,50.46,38.21,400.5,25.61
2026-03-20,1445,1025,216.42,28.64,612,39.75,50.3,37.85,413,25.3
2026-03-23,1408.07,971.3,207.04,27.37,599.62,38.68,47.6,36.29,401.99,24.29
2026-03-24,1407.33,1028.5,213.27,27.6,603.19,39.25,48.84,36.65,396.99,24.36
2026-03-25,1410.27,1039,217.4,27.98,628.4,39.26,50.31,37,397.81,24.66
2026-03-26,1401.18,1024.9,218.7,27.59,614.2,39.56,49.74,36.95,402.5,24.13
2026-03-27,1416.02,1024,220.95,27.7,598,39.44,49.53,39.7,416.18,24.26
2026-03-30,1420,1009.45,215.73,27.73,589.08,39.48,49.27,40.34,413,24.1
2026-03-31,1450,983,210.26,27.62,569.41,39.32,51.46,41,401.7,24.04
2026-04-01,1459.44,1051.4,220.31,28.12,601.87,39.82,53.32,41.76,405.71,24.51
2026-04-02,1459.88,998.99,213,27.88,582,39.76,52,42.22,401.17,24.13
2026-04-03,1460,1025.7,213.77,27.69,606.52,39.4,52.18,41.69,386.46,23.98
2026-04-07,1440.02,1119,217.54,27.5,619.53,38.99,52.58,41.53,384.59,23.92
2026-04-08,1465.02,1164,228.5,28.09,688.14,39.62,56.61,41.15,391.3,24.7
2026-04-09,1460.49,1198,227,27.76,693.02,39.26,55.02,41.15,389.99,24.15
2026-04-10,1453.96,1210.7,231.82,27.62,734.65,39.21,56.52,41.35,416,25.9
2026-04-13,1443.31,1219.62,245.25,27.3,738,38.98,55.7,40.99,427.13,26.09
2026-04-14,1446.9,1241.98,248.78,27.49,773,39.13,58.92,40.77,430.79,26.19
2026-04-15,1467.5,1274,252,27.4,779.98,39.9,57.82,40.92,431,26.01
2026-04-16,1462.84,1307,253,27.43,809.61,39.91,59.32,40.74,453.98,26.31
2026-04-17,1407.24,1334,260,27.25,851,39.52,60.97,39.94,444.2,26.26
2026-04-20,1410.89,1378.2,261.78,27.49,850,39.87,61.51,40.29,432.5,26.3
2026-04-21,1412.01,1330,252.55,27.41,864.86,39.87,61.41,40.65,447.6,26.3
2026-04-22,1409.5,1337,259.2,27.38,886.62,39.74,66.89,39.83,436.35,26.71
2026-04-23,1419,1323,263.4,27.22,897,39.81,67.92,39.58,438.9,26.48
2026-04-24,1458.49,1352.5,285,27.04,886.99,39.38,65.01,39.92,444.9,26.23
2026-04-27,1403.2,1356.72,296.27,27.14,857.03,39.38,67.25,39.85,434.88,26.77
2026-04-28,1405,1374.5,289,27.15,825,39.6,68.2,39.26,427.67,27.3
2026-04-29,1401.17,1416.63,278.77,27.39,846,38.5,66.26,39.27,445,27.32
2026-04-30,1384.79,1699.96,296.25,27.24,857.5,38.27,62.88,38.64,436,27.22
2026-05-06,1375,1825,344.41,27.38,856,38,63.08,38.74,460,27.49
2026-05-07,1371.05,1868,341.6,27.26,877.47,37.95,64.18,38.73,451.64,27.23
2026-05-08,1372.99,1182.53,323.28,27.19,886,37.94,63.28,38.18,437,26.95
2026-05-11,1361.33,1200,349.18,27.23,940.13,37.97,65.85,38.15,446.11,27.33
2026-05-12,1354.55,1277.87,349.19,27.01,1017.99,37.9,64.4,37.84,431.25,27.22
2026-05-13,1344.09,1316.88,348.19,26.83,1049.2,37.88,70.84,37.74,434.05,27.15
2026-05-14,1342.17,1260.58,325.2,26.52,1078,37.81,68.6,37.35,427,26.66
2026-05-15,1332.95,1209,303.01,26.07,1049.87,37.65,67.62,36.81,423.6,26.35
